code,activity,project_title,date,hours,academic_year,status
eHYD-2026-0001,Εισαγωγή στην Υπολογιστική Ρευστοδυναμική (CFD) και στη χρήση του OpenFOAM σε εφαρμογές Υδραυλικής Μηχανικής,Κυματική φόρτιση και δυναμική απόκριση σύνθετου πορώδους κυματοθραύστη σε 2D κανάλι κυματισμού με χρήση CFD,2026-06-12,30,2025--2026,VALID
eHYD-2026-0002,Εισαγωγή στην Υπολογιστική Ρευστοδυναμική (CFD) και στη χρήση του OpenFOAM σε εφαρμογές Υδραυλικής Μηχανικής,Μελέτη διάβρωσης πυθμένα (scour) γύρω από υποθαλάσσιο αγωγό με χρήση Υπολογιστικής Ρευστοδυναμικής CFD,2026-06-12,30,2025--2026,VALID
eHYD-2026-0003,Εισαγωγή στην Υπολογιστική Ρευστοδυναμική (CFD) και στη χρήση του OpenFOAM σε εφαρμογές Υδραυλικής Μηχανικής,Κυματική φόρτιση και δυναμική απόκριση σύνθετου πορώδους κυματοθραύστη σε 2D κανάλι κυματισμού με χρήση CFD,2026-06-12,30,2025--2026,VALID
eHYD-2026-0004,Εισαγωγή στην Υπολογιστική Ρευστοδυναμική (CFD) και στη χρήση του OpenFOAM σε εφαρμογές Υδραυλικής Μηχανικής,Κυματική φόρτιση και δυναμική απόκριση σύνθετου πορώδους κυματοθραύστη σε 2D κανάλι κυματισμού με χρήση CFD,2026-06-12,30,2025--2026,VALID
eHYD-2026-0005,Εισαγωγή στην Υπολογιστική Ρευστοδυναμική (CFD) και στη χρήση του OpenFOAM σε εφαρμογές Υδραυλικής Μηχανικής,Μελέτη διάβρωσης πυθμένα (scour) γύρω από υποθαλάσσιο αγωγό με χρήση Υπολογιστικής Ρευστοδυναμικής CFD,2026-06-12,30,2025--2026,VALID
eHYD-2026-0006,Εισαγωγή στην Υπολογιστική Ρευστοδυναμική (CFD) και στη χρήση του OpenFOAM σε εφαρμογές Υδραυλικής Μηχανικής,Μελέτη διάβρωσης πυθμένα (scour) γύρω από υποθαλάσσιο αγωγό με χρήση Υπολογιστικής Ρευστοδυναμικής CFD,2026-06-12,30,2025--2026,VALID
eHYD-2026-0007,Εισαγωγή στην Υπολογιστική Ρευστοδυναμική (CFD) και στη χρήση του OpenFOAM σε εφαρμογές Υδραυλικής Μηχανικής,Μελέτη διάβρωσης πυθμένα (scour) γύρω από υποθαλάσσιο αγωγό με χρήση Υπολογιστικής Ρευστοδυναμικής CFD,2026-06-12,30,2025--2026,VALID
eHYD-2026-0008,Εισαγωγή στην Υπολογιστική Ρευστοδυναμική (CFD) και στη χρήση του OpenFOAM σε εφαρμογές Υδραυλικής Μηχανικής,Κυματική φόρτιση και δυναμική απόκριση σύνθετου πορώδους κυματοθραύστη σε 2D κανάλι κυματισμού με χρήση CFD,2026-06-12,30,2025--2026,VALID
eHYD-2026-0009,Εισαγωγή στην Υπολογιστική Ρευστοδυναμική (CFD) και στη χρήση του OpenFOAM σε εφαρμογές Υδραυλικής Μηχανικής,Μελέτη διάβρωσης πυθμένα (scour) γύρω από υποθαλάσσιο αγωγό με χρήση Υπολογιστικής Ρευστοδυναμικής CFD,2026-06-12,30,2025--2026,VALID
